{
  "warnings": [
    {
      "file": "../out/ios_debug_sim/Flutter.framework/Headers/FlutterAppDelegate.h",
      "line": 30,
      "symbol": "FlutterAppDelegate.window",
      "symbol_kind": "sourcekitten.source.lang.objc.decl.property",
      "warning": "undocumented"
    },
    {
      "file": "../out/ios_debug_sim/Flutter.framework/Headers/FlutterBinaryMessenger.h",
      "line": 32,
      "symbol": "FlutterBinaryMessengerConnection",
      "symbol_kind": "sourcekitten.source.lang.objc.decl.typedef",
      "warning": "undocumented"
    },
    {
      "file": "../out/ios_debug_sim/Flutter.framework/Headers/FlutterBinaryMessenger.h",
      "line": 51,
      "symbol": "FlutterBinaryMessenger.-makeBackgroundTaskQueue",
      "symbol_kind": "sourcekitten.source.lang.objc.decl.method.instance",
      "warning": "undocumented"
    },
    {
      "file": "../out/ios_debug_sim/Flutter.framework/Headers/FlutterBinaryMessenger.h",
      "line": 53,
      "symbol": "FlutterBinaryMessenger.-setMessageHandlerOnChannel:binaryMessageHandler:taskQueue:",
      "symbol_kind": "sourcekitten.source.lang.objc.decl.method.instance",
      "warning": "undocumented"
    },
    {
      "file": "../out/ios_debug_sim/Flutter.framework/Headers/FlutterCodecs.h",
      "line": 282,
      "symbol": "FlutterStandardDataType.FlutterStandardDataTypeUInt8",
      "symbol_kind": "sourcekitten.source.lang.objc.decl.enumcase",
      "warning": "undocumented"
    },
    {
      "file": "../out/ios_debug_sim/Flutter.framework/Headers/FlutterCodecs.h",
      "line": 283,
      "symbol": "FlutterStandardDataType.FlutterStandardDataTypeInt32",
      "symbol_kind": "sourcekitten.source.lang.objc.decl.enumcase",
      "warning": "undocumented"
    },
    {
      "file": "../out/ios_debug_sim/Flutter.framework/Headers/FlutterCodecs.h",
      "line": 284,
      "symbol": "FlutterStandardDataType.FlutterStandardDataTypeInt64",
      "symbol_kind": "sourcekitten.source.lang.objc.decl.enumcase",
      "warning": "undocumented"
    },
    {
      "file": "../out/ios_debug_sim/Flutter.framework/Headers/FlutterCodecs.h",
      "line": 285,
      "symbol": "FlutterStandardDataType.FlutterStandardDataTypeFloat32",
      "symbol_kind": "sourcekitten.source.lang.objc.decl.enumcase",
      "warning": "undocumented"
    },
    {
      "file": "../out/ios_debug_sim/Flutter.framework/Headers/FlutterCodecs.h",
      "line": 286,
      "symbol": "FlutterStandardDataType.FlutterStandardDataTypeFloat64",
      "symbol_kind": "sourcekitten.source.lang.objc.decl.enumcase",
      "warning": "undocumented"
    },
    {
      "file": "../out/ios_debug_sim/Flutter.framework/Headers/FlutterEngineGroup.h",
      "line": 54,
      "symbol": "FlutterEngineGroup.-init",
      "symbol_kind": "sourcekitten.source.lang.objc.decl.method.instance",
      "warning": "undocumented"
    },
    {
      "file": "../out/ios_debug_sim/Flutter.framework/Headers/FlutterPlatformViews.h",
      "line": 26,
      "symbol": "FlutterPlatformViewFactory",
      "symbol_kind": "sourcekitten.source.lang.objc.decl.protocol",
      "warning": "undocumented"
    },
    {
      "file": "../out/ios_debug_sim/Flutter.framework/Headers/FlutterPlatformViews.h",
      "line": 51,
      "symbol": "FlutterPlatformViewFactory.-createArgsCodec",
      "symbol_kind": "sourcekitten.source.lang.objc.decl.method.instance",
      "warning": "undocumented"
    },
    {
      "file": "../out/ios_debug_sim/Flutter.framework/Headers/FlutterTexture.h",
      "line": 31,
      "symbol": "FlutterTexture.-onTextureUnregistered:",
      "symbol_kind": "sourcekitten.source.lang.objc.decl.method.instance",
      "warning": "undocumented"
    },
    {
      "file": "../out/ios_debug_sim/Flutter.framework/Headers/FlutterViewController.h",
      "line": 52,
      "symbol": "FlutterViewController",
      "symbol_kind": "sourcekitten.source.lang.objc.decl.class",
      "warning": "undocumented"
    }
  ],
  "source_directory": "/Volumes/Work/s/w/ir/cache/builder/src/flutter"
}